{
  "initial": [0.07, 0.9, 0.03],
  "dice": [
    [
      0.16666666, 0.16666667, 0.16666667, 0.16666667,
      0.16666667, 0.16666667
    ],
    [0.3, 0.4, 0.05, 0.05, 0.05, 0.15],
    [0.1, 0.15, 0.1, 0.2, 0.2, 0.25]
  ],
  "payout": [-2.5, -1.0, -1.0, -1.0, 0.0, 5],
  "transitions": [
    [0.82, 0.11, 0.07],
    [0.15, 0.78, 0.07],
    [0.08, 0.08, 0.84]
  ]
}
